iteration,chain,σ_01,σ_12,_freq_01,_freq_12_minus,_freq_12_plus,lp,n_steps,is_accept,acceptance_rate,log_density,hamiltonian_energy,hamiltonian_energy_error,max_hamiltonian_energy_error,tree_depth,numerical_error,step_size,nom_step_size
2,1,0.6412700276272086,0.6388940305856238,3.4454897486624123,3.2372544647415427,3.2375514117539455,-586.7210006527026,3.0,1.0,0.6666666666666666,-586.7210006527026,1483.5356326385204,-10.7010234610309,40559.308491074626,1.0,1.0,0.05,0.05
3,1,0.6412700276272086,0.6388940305856238,3.4454897486624123,3.2372544647415427,3.2375514117539455,-586.7210006527026,1.0,1.0,0.0,-586.7210006527026,587.1285898654937,0.0,6.898289872155248e140,0.0,1.0,0.5153834201099705,0.5153834201099705
